{"cameraMode":{"drawMode":0,"name":"Shaded","section":"Shading Mode"},"sceneLighting":false,"audioPlay":false,"sceneViewState":{"m_AlwaysRefresh":false,"showFog":true,"showSkybox":true,"showFlares":true,"showImageEffects":true,"showParticleSystems":true,"showVisualEffectGraphs":true,"m_FxEnabled":true},"in2DMode":false,"pivot":{"x":-2.7032930850982668,"y":0.6713212132453919,"z":6.418811798095703},"rotation":{"x":-0.39016681909561159,"y":-0.052200790494680408,"z":0.021682126447558404,"w":-0.9191518425941467},"size":18.451557159423829,"orthographic":false}